<?xml version="1.0" encoding="UTF-8"?>
<addon id="plugin.video.zjk-entertainment-search"
version="1.0.0"
name="ZJK Entertainment Search"
provider-name="Z_J_K">
<requires>
  <import addon="xbmc.python" version="3.0.0"/>
  <import addon="script.module.beautifulsoup4" version="4.9.3+matrix.1"/>
  <import addon="script.module.urllib3" version="1.25.8+matrix.1"/>
  <import addon="script.module.requests" version="2.22.0"/>
</requires>
<extension point="xbmc.python.pluginsource" library="main.py">
  <provides>video</provides>
</extension>
<extension point="xbmc.addon.metadata">
  <summary lang="en">Movies and Live TVs from Internet sources</summary>
  <description lang="en_GB">Provides sources from multiple sources over the Internet.</description>
  <disclaimer lang="en_GB">This app is for personal use only.</disclaimer>
  <assets>
    <icon>icon.png</icon>
    <fanart>fanart.jpg</fanart>
  </assets>
  <news>Official Release</news>
</extension>
</addon>
